Column1;Review;Category;Sentiment
0;Comida muy rica y atención excelente.;comida;5
1;La calidad de los productos es ..TOPRecomendable, pero caro;precio;4
2;precio;precio;3
3;Todo el personal iba sin mascarilla.;servicio;1
4;Al llegar al local nos encontramos que todo el personal al completo no usa mascarillas lo que transmite una gran inseguridad, especialmente cuando vienen a la mesa para tomar nota, llevar o traer platos o preguntarnos por el postre.;servicio;1
5;Por lo demás la comida muy exquisita y el servicio muy bueno.;comida;5
6;"Elegimos una fecha especial y un lugar especial para hacer una comida de negocios: el día elegido fue el 22.02.2022 (no hay más doses hasta dentro de 200 años cuando sea el 2222), y el lugar elegido fue EL FILANDÓN.El lugar te gustará por su decoración, por su interminable equipo de camareros, por la buena atención de sus maitres y por el ""ambiente pegadizo"" de gente guapa comiendo en las mesas de alrededor.Pero si lo que buscas es comer BBB ó al menos BB, te aseguro que no muy lejos de este restaurante puedes encontrar mejores opciones en lo que a calidad y precio se refiere.La relación Calidad/Precio no es buena.Una comida  de 3 personas salió por 250€, eligiendo un vino de 18€ de la parte baja de la carta.";precio;5
7;El chuletón a la brasa, muy bien presentado sobre piedra y convenientemente cortado en tiras, contenía muchísima grasa de cobertura (no intramuscular) para quien paga 90 € para degustar un buen chuletón de éso, de carne no es agradable pagar 90e para que te pongan casi un 50% de grasa de cobertura que se queda en el plato.;comida;5
8;La comida destaca por la materia prima, especialmente en pescados.;comida;5
9;Precio medio alto pero bien merecido para alguna comida especial.;precio;4
10;Postres generosos.;comida;4
11;"Por supuesto, a nosotros nos trataron en segunda categria.El maitre que ""nos tocó"", si acaso apenas nos saludo, sin embargo a la mesa que estaba al lado, casi le besaba los pies, esto sería un simple detalle sin importancia, si el servicio hubiera estado a la altura, pero no fue así.Para empezar nadie te atiende, el maitre se ocupa de quien le interesa, y las otras mesas podemos pasar 20 minutos sin que nadie te pregunte por la bebidas!";servicio;1
12;Tuvimos que llamar a un mesero 3 veces para que nos atendiera!!!;servicio;1
13;Toda la comida fue una sucesión de mal servicio, y cuando llamamos al  mesero para quejarnos, no contesto, nos dio la espalda y se fue!!!;servicio;1
14;Si al maitre y al mesero no le importan los clientes, entonces quién se ocupa de ellos?Y aquí viene lo mejor de todo, para que veáis la clase de personal que tienen: pedimos un vino dulce, y el mesero nos trajo una carta de vinos en donde no habían vinos dulces!!!!;servicio;1
15;Pues ya podéis entender el pésimo servicio de donde viene.Lo increíble es que  a pesar de que te hacen sentir como un cliente de segunda clase, te cobran como uno de primera.Y todo esto ocurrió en 3 horas!;servicio;1
16;!Sinceramente me parece un abuso, de mal gusto y con un servicio que se cree más importante que el propio cliente.No lo recomiendo para nada, con la cantidad de restaurantes que hay en Madrid, que de lejos los mejoran en servicio y gatronomia.;servicio;1
17;Fuimos ayer día de San José , 9 personas y estaba completisimo y con doblete en algunas mesas, consecuencia, mal servicio, más de 30 minutos para traernos la bebida, no pudiendo repetir de bebida porque i estaban atentos , toda la comida llegó fría, la salsa de los diferentes pescados era la misma en todos y congelada, realmente han ampliado mucho más y van a morir de éxito porque antes era sinónimo de vas a comer bien y un éxito asegurado y ahora más precio que antes y desastre total … Nuestra reserva fue hecha en enero para asegurarnos disponibilidad pero claramente ya no merece la pena ir a este sitio porque ni calidad ni el servicio es el de antes .;precio;2
18;En época de COVID, la mayoría de sus camareros llevan las mascarillas por debajo de la nariz;servicio;1
19;Nefasto servicio y pésima atención.Hemos estado celebrando el día del padre en el Filandon, y hemos tenido una nefasta experiencia.Empezando desde el inicio, que habíamos reservado el 30 de octubre en la terraza semi cerrada y nos han cambiando de sitio.;servicio;1
20;Fuimos a comer por el día del Padre en familia y un desastre de servicio.;servicio;1
21;Precioso, la terraza por la noche tiene que ser impresionante.El servicio y personal correcto.Los tacos de atún lo mejor de la comida.La pizza de gamba roja no deja de ser;servicio;5
22;Ensaladilla buenísima, croquetas riquísimas, alcachofas, verduras en tempura con langostinos, kokotxas al pil pil y a la plancha, solomillo todo buenísimo.;comida;5
23;De postre tarta de queso espectacular.;comida;5
24;El personal muy atento haciendo la velada muy agradable.;servicio;5
25;Es caro, pero la materia prima buena es cara.;comida;3
26;Tengo que decir que la comida estaba buena (no excelente) en líneas generales pero el coste es caro y no sólo por su precio sino porque las raciones no son generosas sino más bien contenidas en tamaño.;precio;3
27;El servicio es muy rápido pese a la gran cantidad de comensales que atienden .;servicio;4
28;precio;precio;2
29;La comida muy buena, el tiempo de espera un desastre una pena estropear lo que podría ser un día en familia perfecto disfrutando.No se puedes esperar 35 minutos para los segundos y gracias a reclamarlo varias veces.Espero que alguien lo tenga en cuenta;comida;3
30;La comida fue excelente, y muchas opciones.;comida;5
31;Servicio de 10, siempre atentos a cualquier cosa que necesitábamos.;servicio;5
32;El servicio muy correcto.;servicio;5
33;El sitio muy bien decorado.Los entrantes estaban muy buenos.;comida;4
34;La carne excelente.;comida;5
35;El pixin también muy bueno.El bogavante aLa plancha estaba bueno de sabor, pero demasiado aceitado.Mal el tamaño de las mesas.;comida;3
36;El precio medio alto pero es el nivel que se debe pagar en un sito donde te vas con buenas sensaciones.;precio;3
37;Restaurante con un servicio pésimo, de los peores que hemos visto.;servicio;1
38;La experiencia buena en general, local sobrevalorado a mi entender, no la decoración, ambiente y servicio que fue muy correcto.;servicio;3
39;Comida buena, algo escasa pero sobretodo cara en algunos platos.;comida;2
40;La comida pasa ha segundo plano.;comida;3
41;Media ración de almejas de carril a la sartén = 5 almejas = 11 euros.;comida;1
42;Las otras medias raciones bien.;comida;3
43;El rodaballo buenísimo.;comida;5
44;La tarta de queso bien.;comida;3
45;El servicio y el restaurante muy bien.;servicio;4
46;Fuimos los compañeros del trabajo a nuestra cena de NavidadDecepción totalEl precio del menú es caro y no se corresponde en absoluto con la calidad que deberían ofrecer según su fama.Es la cuarta vez que voy y creo que ha tenido tiempos;precio;1
47;Producto de calidad, simplemente todo natural, sin disfraces.;comida;4
48;Si pides entrantes el segundo a compartir.;comida;3
49;Raciones grandes.;comida;4
50;Hay que llegar al postre, tarta de queso y pastel de manzana.;comida;4
51;La comida buena pero cara para lo que es, la sala abarrotada de gente, mi solomillo me lo sirvieron en un plato bastante roto por un borde, cuando reclamé al  mesonero me respondió de manera áspera que eso era normal, me quedé con el plato;comida;3
52;La terraza en la que nos han ubicado no era acristalada, como nos indicaron al reservar, por lo que hemos pasado mucho frío, y no hemos sido los únicos ya que 3 mesas que han llegado después que nosotros ni siquiera se han llegado a;precio;2
53;Un servicio de camaremos, responsable de sala pésimo no adecuado el nivel de restaurante y precio de la carta.;servicio;1
54;Mucho retraso en traer la comida, se olvidaron de una persona de la mesa, la dieron excusas como se ha caido la paellera, se les ha olvidado pero;servicio;1
55;La comida no está mal pero las raciones son claramente más pequeñas, cosa q no ocurre con el precio.;precio;2
56;Comimos varios platos: croquetas, callos, ensalada de tomates y espárragos, rodaballo y cocochas de merluza.Las croquetas me sorprendió que fueran ya fabricadas estándar en lugar de croquetas realizadas por el chef.;comida;2
57;El rodaballo y la cocochas, no estaban buenas.;comida;2
58;El rodaballo no puedo entender;comida;2
59;Aparcacoches, parque infantil, jardines, etc.Los productos y materia prima son excelentes, el servicio es de 10.Lo mejor fueron las tartas de queso, volveria todos los dias a probarlos.100% recomendable.Precio medio unos 60 euros por;precio;5
60;Cierto que la calidad de los productos es excelente, la carta estupenda y el espacio muy bonito pero el servicio ha bajado considerablemente.;comida;2
61;1 ) los aparca no aparcan, vamos ni se mueven y te mandan a aparcar al descampado de arriba.;servicio;1
62;Maravillosamente sorprendidos por la calidad, la atención y   .. lo más dificil n estos tiempos EL PRECIO;servicio;5
63;Pésimo servicio, meseros groseros e incapaces y moscas en la mesa posándose en los diferentes platos.;servicio;1
64;Tremenda decepción, mal servicio, demasiada esperara entre platos y para rematar, el rodaballo más que quemado..una verdadera pena.;servicio;1
65;Camareros desagradables y malos profesionales, Mal ambiente entre ellos que lo han hecho visible ante los clientes.;servicio;1
66;Primeros platos decepcionates, segundos platos correctos sin más.;comida;2
67;Mucho tiempo de espera.;servicio;2
68;Salones que parecían un mesón barato de celebración de comuniones.;precio;2
69;las dos ultimas veces me ha parecido penoso .anteayer estuvimos esperando más de 1 hora el segundo y no invitan ni al café;servicio;1
70;La verdad que viendo las criticas no estamos muy decididos a reservar allí pero una vez sentados en la mesa la verdad que el trato de la camarero fue muy cordial y bueno en general en todo, la cena pedimos media ración de coquetas de;servicio;4
71;Fuimos a cenar en familia y quedamos encantados.Pedimos tanto platos de carne como de pescado y el producto nos pareció muy bueno en ambos casos.Los postres también estuvieron a la altura.Todo ello con un gran servicio.Repetiremos seguro.;servicio;5
72;"Solo podemos opinar del pescado que fue lo único que probamos y nos pareció algo caro la relación calidad/ precio..En Madrid hay sitios similares o mejores algo más baratos..En resumen;  normal";precio;3
73;Entorno bonito y agradable, el servicio bastante malo, y la comida normalita.;comida;2
74;No se justifica ni el precio ni la fama que tiene.;precio;1
75;Pero la comida de lo peor.;comida;1
76;No solo la carne sino el pescado (!);comida;2
77;también.Alimentos pasados y mal cocinados, con excepciones (arroces)Un desbarajuste de atención y muy mala organización El fin….gran lugar pero pésima comida;servicio;1
78;La comida bastante rica, me quedo con su tarta de queso (increíble).;comida;3
79;Volveré para probar su arroz, nos quedamos con las ganas, y por supuesto volveré a reservar en la terraza al sol.. nos encanto.;comida;5
80;Que un restaurante propiedad de las Coruñesas tiene buen pescado, se da por descontado.;comida;2
81;Que el servicio va a ser competente y amable, se da por supuesto.;servicio;4
82;Pero que por un besugo a compartir, no muy grande, te van a cobrar 62 euros, no se;precio;1
83;El servicio es impecable, pero la comida es muy decepcionante.;comida;2
84;Las croquetas de bogavante muy normalitas, el pescado con exceso de aceite y con poco sabor y la;comida;2
85;muy ricas (aunque algo escaso) las almejas.;comida;2
86;Las obleas de manzana, se notaba que era hojaldre congelado (que no pasa nada) pero terriblemente mal descongelado, por lo que el hojaldre estaba durisimo.;comida;1
87;Pedimos el king krab que estaba rico de sabor pero pasado de coccion;comida;2
88;El local está muy bien, el personal pasan bastante de ti.;servicio;1
89;Cuando me fui me despedí de varios y no contestaron o respondieron nada.;servicio;2
90;"Me metieron 3,50€ por la cara de ""pan y peritos.";precio;1
91;Nunca pido pan, y aperitivo no trajeron nada  Además el pescado;comida;1
92;Trato clasista, La comida muy regular, la calidad precio es una vergüenzaNo cumplen con medidas anti COVID Una gran decepción… no volveré;servicio;1
93;Siempre hemos sido conscientes de que a pesar de tratarse de un sitio caro, nos compensaba.Las;precio;3
94;Aunq la comida esta rica, quieren poner mesas hasta en el último rincón.;comida;2
95;Decepcionados desde el servicio de aparca coches hasta que salimos del restaurante.Al cogernos la comanda  se le especifica al maitre  las alergias por parte de dos comensales.;servicio;1
96;La comida muy buena.;comida;4
97;La carne perfecta.;comida;5
98;Pedimos una coquetas de carabineros que estaban brutales, una patita de pulpo, unos tacos de atún y un steak tartar DELICIOSO!;comida;5
99;De segundo pedimos un chuletón;comida;3
100;Estuve cenando el pasado Sábado y fué lamentable, comida tirada en los platos sin ningún gusto, no guarniciones, pulpo aceitoso, rabas pasadas, cocochas al pil pil con regusto a pescado pasado, croquetas con el mismo sabor que las congeladas,  postres sin ninguna gracia.;comida;1
101;La comida bien.;comida;3
102;Pero la mala atención, es increíble.Desde la antipatía de la recepcionista, hasta de las personas que sirven las mesas.Una experiencia para olvidar.No volveremos.;servicio;1
103;Por si sirven mis comentarios de ayuda, estuvimos el sábado 28 de 2021, 8 comensales, hemos repetido durante varios años porque nos gustaba el sitio y la  calidad muy buena, un poco caro pero una vez al año no hace daño, cual fue nuestra sorpresa;precio;2
104;El rodaballo a la parrilla es una delicia !!!;comida;5
105;El pitxín, la chuleta de vaca vieja y hasta las simples patatas fritas son deliciosos.;comida;5
106;La atención, excelente, se nota que son profesionales.;servicio;5
107;Hemos ido en varias ocasiones y nunca nos habríamos esperado un trato como el de hoy.;servicio;2
108;En la ensalada que acompañaba el rodaballo nos hemos encontrado varios pelos, tras decírselo a la camarera se ha llevado el cuenco de la ensalada sin cambiarnos los platos;comida;1
109;"Buena materia prima, y excelentes pescados a la brasa; el entrono es inmejorable.";comida;5
110;Excelente restaurante con una carta amplia y una alta calidad.El pulpo exquisito y la carne ya que la hacen a la brasa.La atención de los camareros es también de 10.Me sorprendió gratamente y además es razonable el precio para la calidad que;precio;5
111;Para mí lo tiene todo, una magnífica comida, sana, servicio espectacular liderado por Félix;comida;5
112;Comida muy rica con opciones de medias raciones fantástico para poder probar más cosas.;comida;5
113;El servicio muy correcto y;servicio;4
114;Excelente.No comimos más.Relación calidad precio un poco alta, pero;precio;5
115;Se equivocaron al hacer la reserva y el maitre  no solo no se disculpó si no que nos trató fatal a pesar de haber sido un error suyo , es un impresentable y un maleducado.Una pena porque era nuestro restaurante preferido pero este tipo de;precio;1
116;Postre normales.En general, calidad óptimo a;comida;3
117;Mal servicio, mediocre comida.;comida;1
118;Cuarenta minutos esperando a que un maitre nos tomase nota de la cena, dos veces solicitamos cambio de bebida por caer mosquitos en la copa, cenando en sala, no terraza, sin recibir disculpas y con;servicio;1
119;El servicio muy bien, como siempre, pero la comida mal, francamente mal.;servicio;3
120;El salpicón, es de bareto;comida;1
121;La parrilla es un espectaculo a la;comida;5
122;Un restaurante estupendo, calidad maxima en la materia prima y atención al cliente magnifica.;comida;5
123;La atención y servicio por parte de Mar ha sido impecable.;servicio;5
124;Precio algo elevado pero tiene calidad y se paga el sitio y el entorno que está.Recomiendo la ensalada de tomate con espárragos, el lenguado y la chuleta.Destacar la amabilidad y el buen servicio;servicio;3
125;Comida rica.;comida;4
126;Precios elevados pero aceptables.;precio;3
127;Servicio muy lento a pesar del gran número de personas que trabajan.;servicio;1
128;Las mesas al sol, las cervezas calientes, mala atención… creo que los malos modos vienen dados porque son pocos trabajadores para muchos comensales y eso hace que las esperas enfaden a los clientes.;servicio;1
129;No es necesario nada especial para ir al Filandon, es suficiente querer disfrutar de una buena comida, agradable lugar y excelente atención.Nunca nos decepciona y solemos ir solos o con la familia.El último día fue la señorita Barbara quien estaba a cargo de;servicio;5
130;El servicio amable y educado.;servicio;5
131;La comida se sirve en tiempo.;comida;4
132;La calidad-precio buena.;precio;4
133;Espectacular el pulpo y el rodaballo a la brasa.;comida;5
134;Acompañados de unas chips caseras calentitas y un servicio profesional.;servicio;4
135;La temperatura perfecta y el trato del personal, exquisito.Y sobre la comida .acorde a lo anterior dicho.;comida;5
136;Destacando las Ostras y el sargo a la;comida;3
137;El sitio es muy bonito, sobretodo la terraza grande, pero el personal bastante antipático, sobretodo el camarero de nuestra mesa, se nota que les da igual el trato puesto que tienen largas listas de espera y siempre está lleno, pero lo peor fue la comida,;servicio;3
138;@filandon  espectacular  siempre carretera el pardo Madrid vinos blanco bierzo godello ulfreia y tinto Rioja reserva imperial servicio , Maria, Jesús, José Antonio liderados por el amigo Félix todo riquísimo;servicio;5
139;El camarero muy antipático y la comida tampoco es para tanto.;comida;1
140;Destacar el pescado.;comida;3
141;Terrible servicio, los camareros muy prepotentes y arrogantes, NUNCA MÁS, falta de profesionalidad y educación.;servicio;1
142;Servicio bueno.;servicio;4
143;Lenguado durillo.;comida;1
144;Almejas buenas pero escasas.;comida;2
145;Arroz negro, regular, sin coger sabor.Muy barato no es.El cristal que separa la cocina de la entrada ABRASA.;precio;2
146;Lo único que se salva es Carlos nuestro camarero.;servicio;3
147;Los maitres prepotentes y con mala educación.;servicio;1
148;La comida muy normal, pero excesivamente cara.;comida;2
149;Me encanta el servicio, la comida, el ambiente y lo bonito que es.Sin embargo, hoy, Después de ir más de 10 veces, he ido a comer con mi pareja a celebrar mi cumpleaños con;servicio;4
150;La atención personal de 10 ,el lugar muy entrañable y la comida perfecta  el precio muy bueno en relación a la calidad.;servicio;5
151;Los pescados a la brasa los;comida;3
152;La comida es deliciosa, el servicio también.;comida;5
153;Era un sitio que nos encantaba, trato bueno y comida mejor, pero ultimamente ha emporado por numerosas razones:- Es practicamente imposible conseguir reserva- El trato de su personal es un horror.;servicio;4
154;La chica de recepción maleducada y muy borde- Los camareros muy;servicio;1
155;"( yorki de 4kg)  Solo con las formas del personal (mientras fumaba en una esquina) acercándose gritando  "" ei ei"" ya se me quitaron las";servicio;1
156;Precio sin vino unos 60 por persona.;precio;2
157;"Decepcionante atención, camarero con prisas, dejando el pan en la mesa mientras caminaba; comida mediocre pero sobre todo la atención pésima.";servicio;1
158;Todo buenísimo!;comida;5
159;De postre tomamos filloas,hojaldre de manzana , Flan de queso estaba buenísimo.;comida;5
160;Trato muy cercano y en la terraza había un ambientazo brutal!.;servicio;4
161;Servicio pésimo, con camareros no profesionales, producto pasable, pero no para el precio que pagas.;servicio;1
162;Desde luego no volveré, en Madrid hay 100 restaurantes mejores a mejor precio.;precio;1
163;Nuevo descubrimiento y me parece que es el top1, de mis restaurantes.Tenía muchas ganas de ir, pero no habíamos tenido ocasión hasta hace unos días.El servicio fabuloso, todo el mundo súper amable, la decoración, la iluminación, la zona infantil, los baños  No sé;servicio;5
164;El sitio es espectacular pero la comida dejó mucho que desear para nuestro gusto.;comida;2
165;El solomillo es lo único que valoramos como muy bueno y cocinado en su punto pero el rodaballo tenía una salsa que quitaba todo el sabor;comida;2
166;El servicio fue muy deficiente, se nos tomó nota 20 minutos después de nuestra llegada, entre platos se tardó;servicio;1
167;La comida insuperable.;comida;5
168;La comida según el qué:Entrantes :Alcachofas: sin hacer y sin sabor a nada Salpicón de marisco: pobre Principales: Rodaballo: muy rico Tataki de atún: espectacular Postre:Tarta de queso: un must!Resumiendo: la experiencia en sí;comida;2
169;Los callos y;comida;3
170;Espectacular restaurante de los propietarios de Pescaderías Coruñesas lo que marca la carta del mismo, pescados sublimes.Servicio, ambiente, local y materias primas de altísimo nivel.Unos espárragos blancos a la brasa exquisitos acompañados con una salsa romescu de gran sabor, un tomate con ventresca;servicio;5
171;Excepcional calidad de producto y muy bien servicio.;comida;5
172;Quizás un poco caro, pero merece la pena.;precio;3
173;Comida tradicional, bien elaborada pero Platos escasos y con calidad aceptable.Servicio mediocre.Entorno ideal.;comida;2
174;Gracias a la estupenda atención de los camareros que, al menos, sirvieron bebidas y aperitivo.;servicio;5
175;He ido con mi familia a cenar por el cumpleaños de mi hermano y la verdad es que hemos acertado de lleno, la atención de los camareros exquisita y la calidad de la comida espectacular.;servicio;5
176;El sitio es precioso, metido en el campo entre vegetación.Mesa bastante separada de las demás, servicio atento pero no pesado.Probamos: taco crujiente de atún con chipotle, gambas al ajillo, rodaballo y pixin.;servicio;4
177;Tartita de queso;comida;3
178;El sitio es una maravilla, muy buena comida  pero el servicio deja mucho que desear  mucho que mejorar y cuidar al cliente;servicio;2
179;El servicio un auténtico desastre, para conseguir unas croquetas para los niños tardaron como media hora.;servicio;1
180;Restaurante muy elegante, con mucha calidad en sus productos y buen servicio.;comida;5
181;Recomendación en sus pescados a la brasa.;comida;3
182;Nos sirvieron antes la comida que la bebida.;comida;1
183;El ambiente es muy bueno y apetecible, amplio parking y trato excepcional.;servicio;5
184;Sobre la comida, cominos las almejas (muy poca cantidad), el cangrejo (muy sobrevalorado) y el arroz de carabineros (de sabor muy bueno, pero le faltaba por lo;comida;1
185;Me he llevado una pequeña decepción, la comida bien, pero el servicio un poco desastre.;servicio;2
186;El solomillo riquísimo y el;comida;5
187;La comida la traen fría porque el servicio es horrible y estás mas de 2 horas para 2 platos.;comida;1
188;Productos de muy buena calidad.;comida;5
189;La carta es cara.;precio;1
190;Los platos muy sabrosos, especialmente recomendable el pulpo y el arroz de carabineros.;comida;5
191;Nos habían dicho que se comía muy bien, pero después del trato impresentable del que fuimos objeto no merece la pena.;servicio;1
192;Empezaron atendiéndonos despyes que dos mesas cercanas que llegaron despues.;servicio;2
193;El FILANDON perfecto para una buena comida, pero el servicio la estropea.El SERVICIO LENTO nos alargó la comida hasta las 17.20H pedimos la cuenta, a la vez que  pedimos unos GIN TONIC, alegando el camarero que cerraban a las 18H y que era imposible;servicio;3
194;El restaurante es muy bonito, los camareros muy amables y la comida esta buena.;servicio;5
195;Sin embargo, el servicio debe mejorar.;servicio;2
196;Servicio muy deficiente , hacía frío en la terraza , muchas prisas en coger la comanda y luego tardando muchísimo en retirar los platos , ignorando  nuestras peticiones.;servicio;1
197;La comida correcta pero no a la altura de un sitio de estas características.;comida;2
198;Pero mi a mi tía y mi padre les pareció muy extraño que hacía el final de la comida los camareros estuviesen danzando por;servicio;1
199;Eso sí el servicio deja un poco que desear para un restaurante de este tipo.;servicio;2
200;En especial el pescado soberbio, pero la carne tambien es espectacular Bodega fantástica y postres deliciososIdeal para un homenaje;comida;5
201;En las dos ocasiones el servicio muy mejorable, persiguiendo en muchas ocasiones a los camareros y en otras con un trato más propio de bar de turistas, no del nivel completo que se supone a este restaurante .;servicio;2
202;"La burrata esta muy buena y es enorme; el rodaballo";comida;5
203;Entrantes a base de un excelente jamón ibérico, unas rabas con huevo y unas alcachofas.;comida;5
204;Todos comimos pixin, estaba increíble.;comida;5
205;El sitio es impresionante, siempre es un placer volver, el encanto que tiene y súper acogedor.El servicio es excelente, muy atentos y serviciales.;servicio;5
206;El taco de atún con chipote es espectacular la mezcla de sabores y texturas.;comida;5
207;La pizza de gamba roja es un;comida;3
208;Las verduritas y carabineros en fritura estaban buenos y frecos también,, Pero las croquetas no nos;comida;4
209;Buena comida, sin mas.;comida;3
210;Restaurante en ambiente muy acogedor.Comida: Pedimos las croquetas de jamón (muy cremosas y con buen rebozado), las rabas con huevo frito (muy ricas y con un rebozado muy fino), el steak tartar (sabroso y bien presentado), las chips (patatas caseras) y la tarta de;comida;5
211;El servicio es seco y te hace notar que tienen prisa etc.;servicio;1
212;las raciones son escasas en pescado, muy desnudas de alicientes y sobre todo muy mal cocinadas si es;comida;2
213;El servicio es;servicio;3
214;La comida muy buena, como siempre.;comida;5
215;Las almejas algo más flojas y la ración bastante pequeña.;comida;2
216;Los pescados exquisitos.;comida;5
217;El servicio muy flojo, camareros nada agradables y a pesar de explicar;servicio;1
218;En cambio , la cocina empeora : las croquetas de carabineros no tienen;comida;1
219;Fuimos un sábado a las 15:00Super amables en el trato y el servicio, excepto en el cambio de turno (a las 17:00) que el;servicio;4
220;Caro pero bueno .;precio;3
221;La atención un poco lenta y no tienen ningún detalle ( ni un chupito y un aperitivo mediocre ) .;servicio;1
222;Las patatas parecen chips pero están muy buenas , el rodaballo con la bilbaína de escándalo;comida;5
223;Falla el servicio, muchos camareros pero poco eficientes.;servicio;1
224;Fuimos un grupo de 6 personas, 3 de ellas celiacas y el servicio estuvo muy atento en todo momento.;servicio;5
225;La comida estuvo increíble.;comida;5
226;Muy recomendable el tartar de atún, las almejas, el lenguado y la tarta de queso.;comida;5
227;¡Volveremos seguro!Precio medio por persona con;precio;5
228;La comida estaba muy rica.;comida;5
229;Excelente un plato de entrante que tienen de pez limón.;comida;5
230;El steak tartar para mí fue normalito, estupendo el pixín.;comida;4
231;Mi familia tenía mucho interés en que fuésemos a comer, ya que uno de mis hijos había ido en algunas ocasiones, pero salimos decepcionados, por no cumplir las expectativas de calidad precio principalmente.La comida bien en conjunto, pero no mucho mejor que en establecimientos;precio;2
232;El servicio es bueno y el lugar precioso.;servicio;4
233;Éramos dos amigas y nos ponen en una mesa detrás de una columna y pegada a la mesa donde preparan los camareros ( por supuesto sin distancia de seguridad) pedimos otra:“ pues la gente come en esa mesa” respuesta de la camarera .. “tendrán que esperar;servicio;1
234;La primera vez no cumplió con la expectativas en la relación precio calidad  Y esta última vez, el pescado muy seco,muy pasado y la atención de los camareros;servicio;2
235;La atención es muy buena, a la altura de restaurantes de su categoría,;servicio;5
236;Entorno precioso y comida muy rica.;comida;5
237;Celebramos un cumpleaños familiar en un entorno muy agradable, lo más destacado, después de la carta, es la plantilla de personal tan amplia que se percibe, además personal cualificado y con un trato excepcional.;servicio;4
238;Todo bien, servicio, comida, entorno, ambiente.Muy muy recomendable.Precio elevado pero acorde a su gran calidad.;servicio;5
239;Fue una comida por los 50 años de casados de mis suegros.Nos encantó buenísimo todo,la atención exquisita y un lugar precioso tanto en el interior.como los jardines y terraza!!;servicio;4
240;!..caro, pero merece la pena por la calidad.;precio;3
241;He ido varias veces a Filandon y cada vez me gusta másServicio de 10, cocina increíble y un lugar tan tan tan bonito Nunca hasta ahora me ha decepcionado un plato.Para mi es genial en familia, por trabajo o con amigos.Es una experiencia;servicio;5
242;Comida muy buena, buen producto, el pescado espectacular, la atención del personal también muy bien!;servicio;5
243;El restaurante está ubicado en el pardo, una reserva natural de madrid de gran valor natural, cultural y gastronómico.Los dueños son los de pescaderías coruñesas, y por tanto el género está garantizado  .pescado y marisco lo mejor.La relación calidad precio de los vinos es;precio;4
244;Calidad de.producto no alineada con los precios con un punto de cocinado lejos de lo esperado( gambas ajillo de Huelva ,;precio;2
245;La comida estuvo muy muy rica, el ambiente increíble y el servicio muy bueno.;servicio;5
246;Servicio atento incluso cuando hay mucha gente (que suele ser casi siempre).;servicio;5
247;Para todos los gustos (pescados de lo mejor que he probado pero algo caros).;precio;4
248;Todo estuvo ESPECTACULAR!;comida;5
249;Sin embargo, el camarero que nos atendió fue bastante desagradable y cortante, en ningún momento se acercó para preguntarnos qué tal estaba la cena sino que únicamente se refirió a nosotros;servicio;1
250;No solo el entorno merece una visita, también su cuidada cocina, con productos de primera cocinados a la perfección.Servicio eficaz, eficiente, amable, profesional .Preparados para el Covid 💯Personal con mascarillas, distancias perfectas entre mesas, se veía todo muy cuidado y limpio, los;servicio;5
251;La cena en general fue muy bien .;comida;4
252;Fuimos a cenar dos parejas , no teníamos reserva pero nos acoplaron rápido,el lugar llama la atención, mucho personal y atentos.le pedimos consejo al camarero y se excusó pues era nuevo y el pobre no sabía, rápidamente se acerco el meitre y nos aconsejó;servicio;4
253;Como todos los anteriores comentarios, una pena que un sitio tan bonito tenga un servicio tan pobre y poco dedicado al cliente.;servicio;1
254;La comida, que antes era excelente, de capa caída.;comida;2
255;Poco simpáticos.no había vuelto desde la última vez,hace a lo major 2 años.;servicio;1
256;La mejor carne que he probado, todos los camareros muy amables y el sitio era muy agradable.;comida;5
257;No podría haber cenado mejor;comida;5
258;MEJOR IMPOSIBLE.El sitio, la comida, el servicio.. Un 10.Todo buenisimo!!!;servicio;5
259;De los mejores sitios a nivel de todo que he visitado, comida muy rica, servicio muy atento y educados, el sitio y el entorno de 10 no, de 12, relacion calidad precio no puede ser mejor y en verano que nunca he estado tiene que;servicio;5
260;Sitio elegante, algo caro, pero sigue siendo el Filandon.;precio;2
261;Es algo caro pero la calidad de;precio;2
262;La comida en general bien, pero las famosos patas de pulpo, una de ellas disecada y;comida;1
263;Lamento profundamente la imagen que tengo de impotencia de este restaurante después de mi visita el pasado 26 de febrero, que como siempre estaba al completo.Comento lo ocurrido, pedí una copa de vino de la casa, el camarero me indico que no había de;servicio;1
264;El entorno sobresaliente, la atención sobresaliente la comida sobresaliente.Tomamos Al centro un plato de jamón ibérico, unas alcachofas;servicio;5
265;Un caos de organización, para no aburriros sólo dos datos,;servicio;1
266;La atención es muy buena, desde que te reciben en la entrada hasta que sales.;servicio;5
267;En cuanto a la comida, todo es de primera calidad.;comida;5
268;Restaurante de moda con muy buen ambiente y trato agradable.;servicio;5
269;El fallo, el precio, muy hinchado tanto en la carta de comidas como en la;precio;2
270;PEXPECTACULAR, el precio,la atención y la calidad de los productos, probamos los pescados  a la brasa  las croquetas de bogavante impresionantes;servicio;5
271;Es excepcional la atención que recibo siempre siempre, por parte de Alex, una de las recepcionistas;servicio;5
272;Restaurante muy agradable, amplio, tranquilo, una decoración bonita, un sitio muy especial.Excelente atención, servicio rápido, atento, amableExcelente materia prima, platos deliciosos.Excelente tanto para una comida de negocios, como para una cena romántica.No es un restaurante económico, pero merece totalmente la pena.;servicio;5
273;Un sitio agradable para tomar un buen pescado.;comida;4
274;El rodaballo y las croquetas de carabinero espectaculares.;comida;5
275;Calidad-precio razonable.;precio;3
276;La comida es de productos de gran calidad, los pescados a la parrilla fabulosos.;comida;5
277;El precio no es bajo pero asumible por la comida.;precio;3
278;Es un sitio grande, estética sencilla y moderna, mesas no juntas pero que concentra muuucha gente,  aunque el servicio estuvo en;servicio;4
279;Un servicio correcto pero les falta ser más amables o serviciales.;servicio;2
280;El producto es espectacular, la atención increíble y el sitio es precioso y muy acogedor.;servicio;5
281;Para mi el mejor restaurante calidad - precio;precio;5
282;Trato chulesco sin motivo, la calidad de los productos es indiscutible pero los camareros te pueden arruinar la cena.;servicio;1
283;Se nota cierto trato;servicio;3
284;El sitio es una delicia, muy bonito y agradable y la comida y el servicio es muy bueno.;servicio;5
285;La atención es esmerada y la calidad fantástica El precio no es escandaloso;servicio;5
286;Me gusto, la comida rica y el sitio agradable, por poner un pero es un restaurante grande y a mi me gustan más lis sitios más recogidos y personales.;comida;5
287;Buen servicio y rápido .;servicio;5
288;La comida es deliciosa.;comida;5
289;Lo primero que cabe resaltar es la excelente calidad de producto, una  buena parrilla, regado por unos magníficos vinos (un poco elevados de precio) un personal mas que correcto, en un lugar muy agradable, y todo esto se convierte en un lugar único para disfrutar;precio;3
290;Filandon un restaurante fuera de categoría extraordinario, puesto con un exquisito gusto, y con una materia prima de superior calidad, precios en consonancia pero perfectamente asumibles, el servicio profesional y acorde al nivel del restaurante, si quieres comer el mejor pescado del mundo, éste es;servicio;5
291;La comida muy buena, el servicio muy correcto y el entorno espectacular.;servicio;5
292;Mala atención, no lo recomiendo.;servicio;1
293;Atento y adecuado relación calidad - precio razonable .;precio;3
294;La comida es deliciosa.;comida;5
295;Lo primero que cabe resaltar es la excelente calidad de producto, una  buena parrilla, regado por unos magníficos vinos (un poco elevados de precio) un personal mas que correcto, en un lugar muy agradable, y todo esto se convierte en un lugar único para disfrutar;precio;5
296;Filandon un restaurante fuera de categoría extraordinario, puesto con un exquisito gusto, y con una materia prima de superior calidad, precios en consonancia pero perfectamente asumibles, el servicio profesional y acorde al nivel del restaurante, si quieres comer el mejor pescado del mundo, éste es;precio;5
297;La comida muy buena, el servicio muy correcto y el entorno espectacular.;comida;5
298;Mala atención, no lo recomiendo.;servicio;1
299;Sitio muy majo, pero con un servicio muy malo.;servicio;2
300;Servicio en mesa.;servicio;1
301;Atento y adecuado relación calidad - precio razonable .;precio;3
302;Buena atención, y mejor comida .;servicio;5
303;Baños en la planta superior.Qué pena que empleados tan torpes;servicio;1
304;La comida es buena, los pescados a la brasa buenísimos, pero la atención de los camareros pésima, la bebida que pedimos al principio tardo sus buenos 20 minutos, el caso es que había bastantes camareros pululando;comida;3
305;La atención es extraordinaria y la comida muy buena.;comida;4
306;No es barato pero la calidad es grande.;precio;4
307;Por decir algo negativo, las almejas y el bogavante;servicio;1
308;La comida fenomenal, de 10.;comida;5
309;El servicio no fue a la altura.;servicio;1
310;Cuando entramos no nos indicaron que hay armarios (nos dimos cuenta nosotros en medio de la cena), de modo que nuestros abrigos largos quedaron manchados.;precio;2
311;El camarero;servicio;3
312;Hemos comido muy bien, la atención un 10.;comida;5
313;No había comido nunca algo tan bueno;comida;5
314;por motivos de trabajo reservaron en este restaurante apartado un poco de la ciudad, y muy bien, se aparca fenomenal y comimos muy bien, de precio me imagino que algo caro pero no lo se porque pago el jefe, pendiente volver con mi marido, volvere;precio;4
315;Y caro.;precio;1
316;Camareros superamables y atentos.Las croquetas de carabinero excepcionales de textura y sabor, el arroz con almejas estaba bueno, punto, la ensaladilla rusa exquisita y las rabitas de calamar graciosas.pero veníamos por los;servicio;5
317;Respecto al precio ya lo sabíamos  pero la calidad lo justifica;precio;3
318;Lo peor no fue eso sino el trato recibido por el encargado, una persona arrogante y con muy malos modales, diciendo;servicio;1
319;Hemos disfrutado de un día d cumpleaños inmejorable.Precio elevado?;precio;2
320;En un restaurante con buen producto, un entorno inmejorable, buena de oración y pagando 60€ por persona por cena sin copa es inadmisible un servicio que no esté a la altura, no fueron profesionales, sirvieron como en un comedero y se permitían respuestas demasiado coloquiales .;precio;5
321;La comida bien, tanto en calidad como en cantidad y lo dice;comida;4
322;Merece la pena desplazarse a una comida de negocios o en familia si lo que quieren es degustar buen producto a un precio aceptable dentro de Madrid.Todo, el entorno y el servicio hace que merezca la pena.;precio;4
323;El local es muy amplio, su decoración muy agradable y cuenta con una terraza y jardín preciosos.Muy buena materia prima a buen precioGran bodega;precio;5
324;Muy buena calidad y muy buena atención.El arroz con carabineros muy rico, el rodaballo espectacular.Los postres deliciosos;servicio;5
325;Restaurante muy agradable, atención del personal fantástica y la calidad de la comida buenísima.;servicio;5
326;Nos recomendaron un pescado de temporada que estaba espectacular (romerete, un tipo de mero), entrantes estupendos y buenos postres.;comida;4
327;Buena comida pero el servicio sobre todo en la recepción del restaurante absolutamente pateticoPrácticamente te perdonan la vida Nada recomendable;comida;5
328;Espectacular restaurante donde degustar una carta variada.;comida;5
329;Tomamos unas alcachofas de entrante muy ricas.;comida;4
330;En realidad todo estaba buenísimo.;comida;5
331;Los pescados realmente espectaculares.;comida;5
332;Todo realmente bueno.Los postres espectaculares.;comida;5
333;Una tarta de queso y una de manzana.La atención muy correcta, y el local impresiona, grande y;comida;4
334;Precio: 75 euros/persona.;precio;1
335;Comida de muy buena calidad.;comida;5
336;"Excelente el besugo y el tartar de atún; el pulpo a la brasa, discreto y el ceviche no me llamó la atención.";comida;5
337;Me encantan las sobremesas en este restaurante Aunque tiene muchas mesas es recomendable hacer reserva Es caro;precio;4
338;El sitio es precioso, la comida muy bien..El servicio no demasiado amable.;servicio;4
339;Los abrigos los colgaron en un armario inundado en el suelo..al sacarlos, una chaqueta cayó al suelo y quedó empapada..el camarero nos miró como;servicio;1
340;El trato recibido por el encargado fue muy malo,;servicio;1
341;Estuvimos en una comida familiar hace un par de dias, fuimos de los primeros en llegar y los camareros estaban aun desubicados  (aunque centrados al 100% tampoco estuvieron durante la comida ) probamos una gran variedad de platos, desde los mas sencillos y habituales como la;servicio;1
342;El servicio y la comida muy buenos.;comida;5
343;En mi caso probé el tartar de atún y el arroz de carabinero compartido.;comida;3
344;Buen producto y buen servicio.Quizas lo peor es el descampado donde tuvimos que aparcar.Quizas se espera mas para un local de esta categoríaCreo;comida;5
345;El lugar es precioso, la atención que nos dieron fue muy buena y, la comida, espectacular.;servicio;5
346;Finalmente pude ir a conocer el restaurante, Peña que de noche y en medio de una tormenta muy fuerte.Me ha encantado la atención, los camareros súper profesionales y senior.La carta es muy completa y además te aconsejan muy bien.Hemos cenado estupendamente, pero;servicio;4
347;Aunque las fotos no tienen precio, es un fantástico lugar, la comida es de muy buena calidad, me quedé con ganas de probar la tarta de queso y el servicio es un poco peculiar pero es un lugar para visitar.;servicio;5
348;La materia prima es fresca y de sabor estupendo, muy bien preparada.;comida;4
349;Las raciones varían, algunas nos parecieron un poco escasas (la ensalada de tomate y espárragos) y otras generosas (los pescados eran grandes, claro que;comida;4
350;Por todo lo demás, genial, buen y rápido  servicio, buena comida y producto de calidad.Pescaderias coruñesas no fallan  buenísimos los pescados.Dela para ir con niños.;servicio;4
351;Comida super buena con preferenzia en pescado, un poquitin mas caro de lo normal pero se gana en calidad.;precio;5
352;la calidad de la comida es excepcional, asi como el precio que sube bastante.;comida;5
353;Es muy grande y dan servicio a muchas mesas a la vez, pero las salas están bien diferenciadas y;servicio;3
354;Nos colocaron en el exterior con cagadas de pájaros en las sillas de plástico y hojas en el mantel, mucho camarero pero ninguno limpiaba ni se ocupaba de atender la mesa con prontitud.;servicio;1
355;Personal amable, muy profesional y con buen servicio.;servicio;5
356;Materia prima excelente, y bien tratada.;comida;5
357;Platos clásicos.;comida;3
358;Pescados buenos, la carne también, arroces, y de postre la tarta templada de queso.Buen cocinado;comida;4
359;La comida del Filandon es buenísima.;comida;5
360;El pulpo, el Rape, el salpicón de marisco, todo rico, rico.Los camareros muy amables.;comida;5
361;La comida excelente, el ambiente muy agradable y el trato exquisito, .;servicio;5
362;Croquetas de carabinero, almejas, sonsos de temporada, lenguado y rodaballo todo excelente.;comida;5
363;Buen servicio, buena carta de vinos y tarta de queso y de limón muy ricas!;comida;5
364;La calidad del pescado y marisco muy buena el sason delicioso.;comida;5
365;El lenguado la paella negra.;comida;3
366;Las gambas con pizza lo postres wow el pie de queso  una carta de vinos muy aceptable familiar y en un lugar muy lindo Muy bien puesto y el;comida;5
367;La comida buena: ensalada normal normal, gambas muy buenas, calamar bueno sin alaracas, besugo bueno de presentación punto y materia, carne excelente de materia y punto, postres buenos.;comida;4
368;80 € por una cena lamentable.;precio;1
369;El lugar me parece impresionantemente bonito y la comida de una muy buena calidad y cuando llegas a los postres, para qué hablar.;comida;3
370;Hemos ido varias veces a cenar por diversos motivos y en todas nos sigue sorprendiendo la amabilidad de todos los camareros, te atiendan o no directamente.;servicio;4
371;La comida muy buena.;comida;5
372;La carne perfecta.;comida;5
373;Por otra parte, la comida está de 10 (el rodaballo estaba exquisito).;comida;5
374;Como es lógico, el precio está por encima de la;precio;1
375;Fuimos en familia (7 comensales + 3 carritos de bebé) y, en primer lugar, muy buena la atención del personal de sala, muy atentos con nosotros para que estuviésemos cómodos.La comida de notable calidad, empezando por la ensaladilla rusa y las rabas y los;servicio;4
376;Personal profesional y atento.;servicio;5
377;Fui por una comida familiar un domingo de agosto.;comida;3
378;Trato excelente buen producto y muy bien trabajado.;comida;5
379;No dejéis de probar la tarta de manzana!;comida;3
380;La comida es muy buena.;comida;5
381;Buenos pescados a la plancha, aunque las raciones de los entrantes algo escasas, servicio bueno pero demasiado pendiente del “pijerio” y algo desbordado.;comida;4
382;Solo trabajan con productos de calidad y todos los platos que ofrecen son espectaculares.;comida;5
383;Excelente restaurante con carta de pescados y mariscos excepcional.;comida;5
384;Todos los platos están muy bien elaborados.;comida;5
385;Recomiendo la tarta de queso de postre.;comida;3
386;El trato recibido por parte de cada persona que nos atendió magnífico y la comida  TODO  lo que probamos de 10 .;servicio;5
387;Servicio: 0-1 estrellasPrecio: 1-2 estrellasCalidad: 2-3 estrellasDespués de tanto tiempo esperando ir sólo me queda decir DECEPCIÓN.El servicio es horrible para un restaurante de categoría: vino sin dar a probar, cuchillos cogidos por la parte de cortar, tratamiento antipático.Precio caro;precio;2
388;La guarnición más pobre no puede ser, te plantan;comida;1
389;El trato del personal exquisito.;servicio;5
390;Desde los aparcacoches pasando por la recepción y los camareros .;servicio;3
391;La comida bastante bien salvo el postre que fuimos especialmente por el postre de queso y dijeron que se había agotado siendo las 23:30h  También otro fallo;comida;4
392;Inconcebible en restaurante que se pretende de nivel.Los camareros casi te tiran la carta.;servicio;1
393;Malísimo;comida;1
394;Quizás en otro tiempo fue bueno  hoy acumula una cantidad de despropósitos que lo convierten en un restaurante de postureo, por muchos coches buenos que haya en el parking.No voy a hablar del trato altivo de los camareros (alguno parece que te perdona la;servicio;2
395;Qué lástima, solemos ir desde hace años y el cambio de dirección lo ha echado a perder.. Mal servicio.;servicio;1
396;Primera vez en este espectacular restaurante, ambiente muy agradable, atención excelente y la comida fenomenal, repetible y recomendable 100%.;servicio;5
397;Muy buena presentación de  platos y atención del servicio .;servicio;5
398;El único pero es que el precio es algo elevado .;precio;3
399;Comida normalita, incluyendo los conocidos congelados.;comida;2
400;Atención de los empleados buena.;servicio;3
401;Y además la comida está muy buena, de notable alto.;comida;4
402;Muy buen pescado.;comida;4
403;El postre normalito, pero bueno de sabor;comida;2
404;Ya hemos ido en otras ocasiones.. Y qué podemos decir superior como siempre.Unos carabineros top, rodaballo top, lubina extraordinaria y entrecot en su punto y delicioso.Los postres como siempre de primera.Es un trasatlántico de la restauración.;comida;5
405;Hacen un pescado y arrroz riquisimo.;comida;5
406;Es caro pero merece muchísimo la pena.;precio;2
407;Apuesta segura por la decoración, el trato recibido y la calidad de la materia prima.;servicio;5
408;Precios acordes a la calidad, lo bueno se paga.;precio;5
409;Excelentes arroces, pescados y postres.;comida;5
410;estuvimos este sabado cenando pues hace un año estuvimos alli y hemos detectado un bajón respecto al año pasado.La calidad de la comida sigue siendo buena, pero encontramos que el servicio estaba desbordado por lo que en un sitio como este es un punto;servicio;2
411;Para el peque menú infantil que más bien parecía un plato combinado cutremente preparado.;comida;1
412;Nuestros platos eran más bien;comida;3
413;La calidad de la comida sigue siendo buena, pero ha cambiado el servicio, están desbordados.;servicio;3
414;Destacar que la comida es excelente, gran calidad y bien cocinada.;comida;5
415;Buen trato y rapidez de los empleados.;servicio;5
416;Calidad-precio, correcto.;precio;4
417;Queríamos pescado a la brasa y pedimos consejo.;comida;3
418;Muy rápidos en la atención al llegar.;servicio;5
419;No es un lugar barato, pero cuesta lo que vale.Jardín increible.;precio;3
420;Servicio perfecto.Platos sin pretensiones, comida con genero excelente y perfecta.;comida;5
421;Todo muy rico y con productos de calidad,el pulpo a la brasa de 10 y el bonito encebollado de 12Para repetir unas cuantas vecesAtención y servicio correcto,trato perfectoPara recomendar;servicio;4
422;Cuando vas a un restaurante bien decorado con una terraza agradable y la comida está buena, un mal servicio,muy mal atendido hace que la valoración de un restaurante que podría ser muy bueno pase a ser malo y aún más si no es barato.;precio;4
423;Excelentes calidades.;comida;5
424;Pescado muy bueno destacando el lenguado.;comida;4
425;Carnes muy ricas.;comida;5
426;Disponen de una parrilla que le da un toque especial a muchos platos.;comida;5
427;La semana pasada celebramos el cumpleaños de mi madre y nos decepcionó mucho.El servicio malo, y la comida dejó bastante que desear.;servicio;1
428;En concreto las 3 hamburguesas que se pidieron estaban frías, muy hechas y con la carne que parecía congelada y descongelada varias;comida;1
429;El servicio amable y eficaz.;servicio;5
430;La comida , el pulpo muy bueno, las croquetas tambien, la pizza de gambas pinta mejor de lo que luego resulta.;comida;4
431;Después tomamos un arroz;comida;3
432;La comida estuvo deliciosa, dónde sobresalen los pescados a la brasa y los postres.;comida;5
433;Mal tono y formas para un;servicio;1
434;Entrantes correctos: croquetas, piparras y verduras con carabinero.;comida;3
435;Con los primeros ya servidos y después de haber insistido al camarero para que;servicio;1
436;Trato inmejorable, producto de primera calidad en un ambiente agradable.;servicio;5
437;Zona muy amploa para que jueguen los niños y con terraza para poder vigilarlos, la comida muy buena y el precio controlado.;precio;4
438;Excelente calidad precio, muy buena materia prima, amplia carta de vinos  servicio excelente.;comida;5
439;La comida estaba deliciosa y a un precio razonable;precio;5
440;Un lugar acogedor y relajado;ambiente;5
441;Personal rápido y atento;servicio;5
442;El restaurante estaba impecablemente limpio;limpieza;5
443;La presentación de los platos era impresionante y la comida estaba deliciosa;comida;5
444;El precio era alto pero justificado por la calidad de la comida y el servicio;precio;3
445;Fue muy animado y divertido;ambiente;5
446;Nos hicieron sentir como en casa;servicio;5
447;El restaurante estaba impecable;limpieza;5
448;La comida era innovadora y sorprendente;comida;5
449;El precio era elevado pero la experiencia valió la pena;precio;4
450;El ambiente era elegante y sofisticado;ambiente;5
451;El servicio fue amable y servicial en todo momento;servicio;5
452;El restaurante estaba muy bien cuidado y limpio;limpieza;5
453;La comida era deliciosa y tenía un sabor único;comida;5
454;El precio era justo y razonable para la calidad de la comida y el servicio;precio;5
455;El ambiente era tranquilo y relajante;ambiente;5
456;El servicio fue rápido y eficiente en todo momento;servicio;5
457;La limpieza del restaurante era impecable y muy cuidada;limpieza;5
458;La comida tenía una presentación impresionante y sabía increíble;comida;5
459;El precio era un poco alto pero valió la pena por la calidad de la experiencia gastronómica;precio;3
460;El ambiente era acogedor y romántico;ambiente;5
461;El servicio fue excepcional y nos atendieron con mucha amabilidad;servicio;5
462;El restaurante estaba limpio y ordenado en todo momento;limpieza;4
463;La comida era fresca y tenía un sabor increíble;comida;5
464;El precio era un poco elevado pero la calidad del servicio lo justificaba;precio;3
465;El ambiente era vibrante y divertido;ambiente;5
466;El servicio fue rápido y atento en todo momento;servicio;5
467;La limpieza del restaurante era impecable y estaba muy bien cuidada;limpieza;5
468;La comida era única y tenía un sabor excepcional;comida;5
469;El precio era elevado pero la experiencia gastronómica lo justificaba;precio;4
470;El ambiente era agradable y relajante;ambiente;5
471;El servicio fue amable y servicial durante toda la cena;servicio;5
472;El restaurante estaba muy bien cuidado y limpio en todo momento;limpieza;5
473;Todo fresco y tenía un sabor increíblemente bueno;comida;5
474;El precio era justo y razonable para la calidad del servicio y la comida;precio;5
475;El ambiente era animado y divertido;ambiente;4
476;El servicio fue excepcional y nos hicieron sentir muy bienvenidos;servicio;5
477;La limpieza del restaurante era impecable y muy bien cuidada;limpieza;5
478;La comida era innovadora y tenía un sabor excepcional;comida;5
479;El precio era un poco elevado pero la experiencia valió la pena;precio;3
480;La comida estaba deliciosa y a un precio razonable;precio;4
481;Caro pero justificado por la calidad de la comida y el servicio;precio;3
482;Precio elevado pero la experiencia valió la pena;precio;4
483;Precio justo y razonable para la calidad de la comida y el servicio;precio;5
484;El precio era un poco alto pero valió la pena por la calidad de la experiencia gastronómica;precio;4
485;El precio era un poco elevado pero la calidad del servicio lo justificaba;precio;4
486;El precio era justo para lo que ofrecía el restaurante;precio;5
487;El precio era demasiado caro para lo que ofrecía el restaurante;precio;1
488;El precio era muy asequible y la calidad de la comida era buena;precio;4
489;El precio era caro pero la comida era excelente;precio;4
490;La comida tenía un sabor único y estaba bien presentada;comida;5
491;La comida era fresca y tenía un sabor increíble;comida;5
492;La comida tenía una presentación impresionante y sabía increíble;comida;5
493;La comida era deliciosa y tenía un sabor único;comida;5
494;La comida era innovadora y sorprendente;comida;5
495;La comida era fresca y tenía un sabor increíblemente bueno;comida;5
496;La comida era deliciosa y estaba bien preparada;comida;5
497;La comida era sabrosa y tenía una buena presentación;comida;5
498;La comida era excepcional y tenía un sabor único;comida;5
499;La comida era buena pero no excepcional;comida;3
500;El servicio fue rápido y atento durante toda la cena;servicio;5
501;El servicio fue amable y servicial durante toda la cena;servicio;5
502;El servicio fue excepcional y nos hicieron sentir muy bienvenidos;servicio;5
503;El servicio fue rápido y eficiente en todo momento;servicio;5
504;El servicio fue excepcional y nos atendieron con mucha amabilidad;servicio;5
505;El servicio fue rápido y atento en todo momento;servicio;5
506;El servicio fue amable y servicial en todo momento;servicio;5
507;El servicio fue excepcional y nos hicieron sentir como en casa;servicio;5
508;El servicio fue excelente y nos hicieron sentir muy bien atendidos;servicio;5
509;El servicio fue atento y cordial durante toda la cena;servicio;5
510;Acogedor y relajado;ambiente;5
511;Ambiente era animado y divertido;ambiente;5
512;El sitio era elegante y sofisticado;ambiente;5
513;Tranquilo y relajante;ambiente;5
514;Agradable y relajante;ambiente;5
515;El ambiente era vibrante y divertido;ambiente;5
516;El ambiente era acogedor y romántico;ambiente;5
517;Demasiado ruidoso y agitado;ambiente;1
518;El ambiente era íntimo y acogedor;ambiente;4
519;El ambiente era moderno y sofisticado;ambiente;4
520;La limpieza del restaurante era impecable y estaba muy bien cuidada;limpieza;5
521;El restaurante estaba impecablemente limpio;limpieza;5
522;El restaurante estaba muy bien cuidado y limpio;limpieza;5
523;Los baños estaban sucios;limpieza;1
524;Daba asco verlo;limpieza;1
525;La atmósfera del restaurante era muy acogedora y relajante perfecta para una cena tranquila.;ambiente;4
526;La iluminación y la música crearon una atmósfera relajante y acogedora.;ambiente;5
527;El decorado era moderno y elegante, lo que lo hizo sentir sofisticado.;ambiente;5
528;El restaurante tenía un ambiente animado y festivo, perfecto para una noche de fiesta.;ambiente;5
529;La decoración rústica y los muebles de madera le dieron al lugar una sensación acogedora y hogareña.;ambiente;5
530;La vista del paisaje desde la ventana agregó un toque pintoresco a la cena.;ambiente;4
531;La música de jazz en vivo creó una atmósfera de club exclusivo.;ambiente;3
532;El restaurante tenía una decoración minimalista y limpia, lo que lo hacía sentir muy moderno.;ambiente;4
533;La brisa del mar que llegaba desde la terraza le daba al lugar una sensación tropical y relajante.;ambiente;4
534;El jardín al aire libre creó una sensación de estar en un oasis lejos de la ciudad.;ambiente;3
535;La decoración temática del lugar realmente te transportaba a otro lugar, una experiencia única.;ambiente;5
536;La decoración del lugar era impresionante, cada detalle era cuidadosamente elegido para crear una atmósfera relajante y elegante.;ambiente;5
537;Me encantó la música suave de fondo que creó una sensación de tranquilidad y elegancia en el restaurante.;ambiente;5
538;El diseño del espacio es moderno y sofisticado, lo que hace que la experiencia sea aún más placentera.;ambiente;4
539;El restaurante tiene una iluminación cálida y acogedora que hace que te sientas como en casa.;ambiente;5
540;La vista desde el comedor era impresionante, con grandes ventanales que daban a un paisaje hermoso y relajante.;ambiente;5
541;El espacio estaba perfectamente decorado con una mezcla de elementos modernos y clásicos que crearon una atmósfera única y acogedora.;ambiente;5
542;La disposición de las mesas y sillas en el restaurante permitió una excelente circulación, lo que hizo que el espacio se sintiera más amplio y cómodo.;ambiente;5
543;La música en vivo era perfecta, con una banda que tocaba melodías suaves y relajantes que se integraban perfectamente con el ambiente del restaurante.;ambiente;4
544;El restaurante tenía una decoración minimalista pero muy elegante que creaba un ambiente tranquilo y sofisticado.;ambiente;4
545;El diseño del lugar era una combinación perfecta de moderno y clásico, lo que lo hacía muy atractivo y acogedor.;ambiente;5
546;Las plantas y flores del restaurante añadían un toque natural y fresco que creaba una atmósfera agradable y relajante.;ambiente;5
547;El restaurante siempre luce impecable y organizado.;limpieza;5
548;Me impresionó el alto nivel de higiene en el establecimiento.;limpieza;5
549;Los espacios del restaurante siempre están relucientes.;limpieza;5
550;La pulcritud en la cocina y en los baños es evidente.;limpieza;5
551;Se nota que la atención a la higiene es una prioridad en este restaurante.;limpieza;5
552;El ambiente del local es fresco y libre de malos olores.;limpieza;5
553;Todo está perfectamente ordenado y en su lugar correspondiente.;limpieza;5
554;Es evidente que se lleva un riguroso control de calidad en la limpieza del restaurante.;limpieza;5
555;El restaurante siempre está impecablemente presentado.;limpieza;5
556;La atención al detalle en cuanto a la limpieza es impresionante.;limpieza;5
